{
  "dates": { "maximum": "2022-12-18", "minimum": "2022-10-31" },
  "page": 1,
  "results": [
    {
      "adult": false,
      "backdrop_path": "/198vrF8k7mfQ4FjDJsBmdQcaiyq.jpg",
      "genre_ids": [878, 28, 12],
      "id": 76600,
      "original_language": "en",
      "original_title": "Avatar: The Way of Water",
      "overview": "Set more than a decade after the events of the first film, learn the story of the Sully family (Jake, Neytiri, and their kids), the trouble that follows them, the lengths they go to keep each other safe, the battles they fight to stay alive, and the tragedies they endure.",
      "popularity": 5132.775,
      "poster_path": "/94xxm5701CzOdJdUEdIuwqZaowx.jpg",
      "release_date": "2022-12-14",
      "title": "Avatar: The Way of Water",
      "video": false,
      "vote_average": 8.1,
      "vote_count": 684
    },
    {
      "adult": false,
      "backdrop_path": "/bQXAqRx2Fgc46uCVWgoPz5L5Dtr.jpg",
      "genre_ids": [28, 14, 878],
      "id": 436270,
      "original_language": "en",
      "original_title": "Black Adam",
      "overview": "Nearly 5,000 years after he was bestowed with the almighty powers of the Egyptian gods—and imprisoned just as quickly—Black Adam is freed from his earthly tomb, ready to unleash his unique form of justice on the modern world.",
      "popularity": 4418.006,
      "poster_path": "/pFlaoHTZeyNkG83vxsAJiGzfSsa.jpg",
      "release_date": "2022-10-19",
      "title": "Black Adam",
      "video": false,
      "vote_average": 7.2,
      "vote_count": 3044
    },
    {
      "adult": false,
      "backdrop_path": "/Yc9q6QuWrMp9nuDm5R8ExNqbEq.jpg",
      "genre_ids": [28, 12, 14, 878],
      "id": 19995,
      "original_language": "en",
      "original_title": "Avatar",
      "overview": "In the 22nd century, a paraplegic Marine is dispatched to the moon Pandora on a unique mission, but becomes torn between following orders and protecting an alien civilization.",
      "popularity": 3424.983,
      "poster_path": "/jRXYjXNq0Cs2TcJjLkki24MLp7u.jpg",
      "release_date": "2009-12-15",
      "title": "Avatar",
      "video": false,
      "vote_average": 7.5,
      "vote_count": 26995
    },
    {
      "adult": false,
      "backdrop_path": "/vSvogVWimBiaKx9dVCzirh3u9qS.jpg",
      "genre_ids": [16, 14, 18],
      "id": 555604,
      "original_language": "en",
      "original_title": "Guillermo del Toro's Pinocchio",
      "overview": "During the rise of fascism in Mussolini's Italy, a wooden boy brought magically to life struggles to live up to his father's expectations.",
      "popularity": 3714.019,
      "poster_path": "/vx1u0uwxdlhV2MUzj4VlcMB0N6m.jpg",
      "release_date": "2022-11-09",
      "title": "Guillermo del Toro's Pinocchio",
      "video": false,
      "vote_average": 8.5,
      "vote_count": 767
    },
    {
      "adult": false,
      "backdrop_path": "/7zQJYV02yehWrQN6NjKsBorqUUS.jpg",
      "genre_ids": [28, 18, 36],
      "id": 724495,
      "original_language": "en",
      "original_title": "The Woman King",
      "overview": "The story of the Agojie, the all-female unit of warriors who protected the African Kingdom of Dahomey in the 1800s with skills and a fierceness unlike anything the world has ever seen, and General Nanisca as she trains the next generation of recruits and readies them for battle against an enemy determined to destroy their way of life.",
      "popularity": 2183.8,
      "poster_path": "/438QXt1E3WJWb3PqNniK0tAE5c1.jpg",
      "release_date": "2022-09-15",
      "title": "The Woman King",
      "video": false,
      "vote_average": 7.8,
      "vote_count": 791
    },
    {
      "adult": false,
      "backdrop_path": "/zNE4oUkZnpbCpFiJbbaX4YJOPmE.jpg",
      "genre_ids": [28, 80],
      "id": 1024546,
      "original_language": "en",
      "original_title": "Detective Knight: Rogue",
      "overview": "As Los Angeles prepares for Halloween, mask-wearing armed robbers critically wound detective James Knight’s partner in a shootout following a heist. With Knight in hot pursuit, the bandits flee L.A. for New York, where the detective’s dark past collides with his present case and threatens to tear his world apart…unless redemption can claim Knight first.",
      "popularity": 1727.789,
      "poster_path": "/2wj5iUJ2B5AQ1lFctJgUrHHsp9B.jpg",
      "release_date": "2022-10-21",
      "title": "Detective Knight: Rogue",
      "video": false,
      "vote_average": 5.4,
      "vote_count": 17
    },
    {
      "adult": false,
      "backdrop_path": "/xDMIl84Qo5Tsu62c9DGWhmPI67A.jpg",
      "genre_ids": [28, 12, 878],
      "id": 505642,
      "original_language": "en",
      "original_title": "Black Panther: Wakanda Forever",
      "overview": "Queen Ramonda, Shuri, M’Baku, Okoye and the Dora Milaje fight to protect their nation from intervening world powers in the wake of King T’Challa’s death. As the Wakandans strive to embrace their next chapter, the heroes must band together with the help of War Dog Nakia and Everett Ross and forge a new path for the kingdom of Wakanda.",
      "popularity": 1591.587,
      "poster_path": "/ps2oKfhY6DL3alynlSqY97gHSsg.jpg",
      "release_date": "2022-11-09",
      "title": "Black Panther: Wakanda Forever",
      "video": false,
      "vote_average": 7.5,
      "vote_count": 1395
    },
    {
      "adult": false,
      "backdrop_path": "/ypFD4TJ3nLJesou76V59CnweaT0.jpg",
      "genre_ids": [36, 18, 53, 28],
      "id": 715931,
      "original_language": "en",
      "original_title": "Emancipation",
      "overview": "Inspired by the gripping true story of a man who would do anything for his family—and for freedom. When Peter, an enslaved man, risks his life to escape and return to his family, he embarks on a perilous journey of love and endurance.",
      "popularity": 1100.861,
      "poster_path": "/s9sUK1vAaOcxJfKzNTszrNkPhkH.jpg",
      "release_date": "2022-12-02",
      "title": "Emancipation",
      "video": false,
      "vote_average": 8.2,
      "vote_count": 374
    },
    {
      "adult": false,
      "backdrop_path": "/5aSvzECXrtABcIh7fZYkH2K6ttC.jpg",
      "genre_ids": [28, 53, 80],
      "id": 972313,
      "original_language": "en",
      "original_title": "Blowback",
      "overview": "When a master thief is sabotaged during a bank heist and left for dead, he seeks revenge on his former crew one target at a time. Now, with the cops and the mob closing in, he's in the race of his life to reclaim an untold fortune in cryptocurrency from those who double-crossed him.",
      "popularity": 1049.647,
      "poster_path": "/fHQHC32dhom8u0OxC2hs2gYQh0M.jpg",
      "release_date": "2022-06-17",
      "title": "Blowback",
      "video": false,
      "vote_average": 5.9,
      "vote_count": 28
    },
    {
      "adult": false,
      "backdrop_path": "/au4HUSWDRadIcl9CqySlw1kJMfo.jpg",
      "genre_ids": [80, 28, 53],
      "id": 829799,
      "original_language": "en",
      "original_title": "Paradise City",
      "overview": "Renegade bounty hunter Ryan Swan must carve his way through the Hawaiian crime world to wreak vengeance on the kingpin who murdered his father.",
      "popularity": 950.09,
      "poster_path": "/xdmmd437QdjcCls8yCQxrH5YYM4.jpg",
      "release_date": "2022-11-11",
      "title": "Paradise City",
      "video": false,
      "vote_average": 6,
      "vote_count": 45
    },
    {
      "adult": false,
      "backdrop_path": "/xiJJJTPA3AQjsMGH56GRU9tuzHa.jpg",
      "genre_ids": [27, 9648, 53],
      "id": 880841,
      "original_language": "en",
      "original_title": "Abandoned",
      "overview": "After a young couple moves into a remote farmhouse with their infant son, the woman's struggles with postpartum psychosis begin to intensify... as the house reveals secrets of its own.",
      "popularity": 896.09,
      "poster_path": "/cO9ywQ2AMHM9EoBJsJGH1Gl9U5L.jpg",
      "release_date": "2022-06-17",
      "title": "Abandoned",
      "video": false,
      "vote_average": 6.7,
      "vote_count": 102
    },
    {
      "adult": false,
      "backdrop_path": "/sP1ShE4BGLkHSRqG9ZeGHg6C76t.jpg",
      "genre_ids": [53, 80],
      "id": 934641,
      "original_language": "en",
      "original_title": "The Minute You Wake Up Dead",
      "overview": "A stockbroker in a small southern town gets embroiled in an insurance scam with a next-door neighbor that leads to multiple murders when a host of other people want in on the plot. Sheriff Thurmond Fowler, the by-the-book town sheriff for over four decades, works earnestly to try and unravel the town’s mystery and winds up getting more than he bargained for.",
      "popularity": 840.582,
      "poster_path": "/pUPwTbnAqfm95BZjNBnMMf39ChT.jpg",
      "release_date": "2022-11-04",
      "title": "The Minute You Wake Up Dead",
      "video": false,
      "vote_average": 5.7,
      "vote_count": 31
    },
    {
      "adult": false,
      "backdrop_path": "/kMZIMqEXO5MFd5Y1Ha2jZZF4pvF.jpg",
      "genre_ids": [27, 9648, 53],
      "id": 882598,
      "original_language": "en",
      "original_title": "Smile",
      "overview": "After witnessing a bizarre, traumatic incident involving a patient, Dr. Rose Cotter starts experiencing frightening occurrences that she can't explain. As an overwhelming terror begins taking over her life, Rose must confront her troubling past in order to survive and escape her horrifying new reality.",
      "popularity": 799.488,
      "poster_path": "/aPqcQwu4VGEewPhagWNncDbJ9Xp.jpg",
      "release_date": "2022-09-23",
      "title": "Smile",
      "video": false,
      "vote_average": 6.8,
      "vote_count": 1196
    },
    {
      "adult": false,
      "backdrop_path": "/wMNY6tU9WOUeAMRfqbCYwceOl9u.jpg",
      "genre_ids": [16, 10751, 14, 18],
      "id": 1001865,
      "original_language": "en",
      "original_title": "Scrooge: A Christmas Carol",
      "overview": "On a cold Christmas Eve, selfish miser Ebenezer Scrooge has one night left to face his past — and change the future — before time runs out.",
      "popularity": 717.356,
      "poster_path": "/nOrnzHn9SCF6JTXfX02eSPyAAXL.jpg",
      "release_date": "2022-11-18",
      "title": "Scrooge: A Christmas Carol",
      "video": false,
      "vote_average": 7.5,
      "vote_count": 102
    },
    {
      "adult": false,
      "backdrop_path": "/AokFVAl1JVooW1uz2V2vxNUxfit.jpg",
      "genre_ids": [36, 28, 18],
      "id": 551271,
      "original_language": "en",
      "original_title": "Medieval",
      "overview": "The story of 14th century Czech icon and warlord Jan Zizka who defeated armies of the Teutonic Order and the Holy Roman Empire.",
      "popularity": 751.977,
      "poster_path": "/eeUNWsdoiOijOZAMaWFDA5Pb1n8.jpg",
      "release_date": "2022-09-08",
      "title": "Medieval",
      "video": false,
      "vote_average": 7.2,
      "vote_count": 231
    },
    {
      "adult": false,
      "backdrop_path": "/xFPoCs4MM6UsysZyJ9eiwU9YnGS.jpg",
      "genre_ids": [27, 53],
      "id": 676547,
      "original_language": "en",
      "original_title": "Prey for the Devil",
      "overview": "In response to a global rise in demonic possessions, the Catholic Church reopens exorcism schools to train priests in the Rite of Exorcism. On this spiritual battlefield, an unlikely warrior rises: a young nun, Sister Ann. Thrust onto the spiritual frontline with fellow student Father Dante, Sister Ann finds herself in a battle for the soul of a young girl and soon realizes the Devil has her right where he wants her.",
      "popularity": 1015.739,
      "poster_path": "/w3s6XEDNVGq5LUlghqs6VlvsvL6.jpg",
      "release_date": "2022-10-23",
      "title": "Prey for the Devil",
      "video": false,
      "vote_average": 6.3,
      "vote_count": 125
    },
    {
      "adult": false,
      "backdrop_path": "/c1bz69r0v065TGFA5nqBiKzPDys.jpg",
      "genre_ids": [35, 10751, 10402],
      "id": 830784,
      "original_language": "en",
      "original_title": "Lyle, Lyle, Crocodile",
      "overview": "When the Primm family moves to New York City, their young son Josh struggles to adapt to his new school and new friends. All of that changes when he discovers Lyle — a singing crocodile who loves baths, caviar and great music — living in the attic of his new home. But when Lyle’s existence is threatened by evil neighbor Mr. Grumps, the Primms must band together to show the world that family can come from the most unexpected places.",
      "popularity": 661.059,
      "poster_path": "/irIS5Tn3TXjNi1R9BpWvGAN4CZ1.jpg",
      "release_date": "2022-10-07",
      "title": "Lyle, Lyle, Crocodile",
      "video": false,
      "vote_average": 7.9,
      "vote_count": 190
    },
    {
      "adult": false,
      "backdrop_path": "/tlin6STxxVoln0f818sEQYH7PyC.jpg",
      "genre_ids": [27, 53],
      "id": 663712,
      "original_language": "en",
      "original_title": "Terrifier 2",
      "overview": "After being resurrected by a sinister entity, Art the Clown returns to Miles County where he must hunt down and destroy a teenage girl and her younger brother on Halloween night.  As the body count rises, the siblings fight to stay alive while uncovering the true nature of Art's evil intent.",
      "popularity": 669.144,
      "poster_path": "/8gLhu8UFPZfH2Hv11JhTZkb9CVl.jpg",
      "release_date": "2022-10-06",
      "title": "Terrifier 2",
      "video": false,
      "vote_average": 7,
      "vote_count": 763
    },
    {
      "adult": false,
      "backdrop_path": "/vNuHqmOJRQXY0PBd887DklSDlBP.jpg",
      "genre_ids": [16, 12, 35, 10751, 14],
      "id": 315162,
      "original_language": "en",
      "original_title": "Puss in Boots: The Last Wish",
      "overview": "Puss in Boots discovers that his passion for adventure has taken its toll: He has burned through eight of his nine lives, leaving him with only one life left. Puss sets out on an epic journey to find the mythical Last Wish and restore his nine lives.",
      "popularity": 690.908,
      "poster_path": "/1NqwE6LP9IEdOZ57NCT51ftHtWT.jpg",
      "release_date": "2022-12-07",
      "title": "Puss in Boots: The Last Wish",
      "video": false,
      "vote_average": 8,
      "vote_count": 63
    },
    {
      "adult": false,
      "backdrop_path": "/1DBDwevWS8OhiT3wqqlW7KGPd6m.jpg",
      "genre_ids": [53],
      "id": 985939,
      "original_language": "en",
      "original_title": "Fall",
      "overview": "For best friends Becky and Hunter, life is all about conquering fears and pushing limits. But after they climb 2,000 feet to the top of a remote, abandoned radio tower, they find themselves stranded with no way down. Now Becky and Hunter’s expert climbing skills will be put to the ultimate test as they desperately fight to survive the elements, a lack of supplies, and vertigo-inducing heights",
      "popularity": 637.64,
      "poster_path": "/v28T5F1IygM8vXWZIycfNEm3xcL.jpg",
      "release_date": "2022-08-11",
      "title": "Fall",
      "video": false,
      "vote_average": 7.3,
      "vote_count": 1894
    }
  ],
  "total_pages": 101,
  "total_results": 2012
}
